Product,Old Price,New Price,Link,Stock
y of joseon Relief Sun Rice Probiotics 50ml,18.0,14.4,/product/beauty-of-joseon-relief-sun-rice-probiotics-50ml/46958/category/1018/display/2/,1
HEARLEAF PORE CONTROL CLEANSING OIL 200ml,21.8,18.53,/product/anua-hearleaf-pore-control-cleansing-oil-200ml/65381/category/1018/display/2/,1
 LAB Birch Juice Moisturizing Sunscreen SPF 50+ PA++++ 50ml,28.0,19.6,/product/round-lab-birch-juice-moisturizing-sunscreen-spf-50-pa-50ml/40013/category/1018/display/2/,1
004 Madagascar Centella Light Cleansing Oil 200ml,23.0,19.55,/product/skin1004-madagascar-centella-light-cleansing-oil-200ml/28746/category/1018/display/2/,1
 ALOE SOOTHING SUN CREAM SPF50 PA+++ 50ml,16.25,9.69,/product/cosrx-aloe-soothing-sun-cream-spf50-pa-50ml/3400/category/1018/display/2/,1
Beauty of joseon Relief Sun Rice Probiotics 50ml,18.0,14.4,/product/beauty-of-joseon-relief-sun-rice-probiotics-50ml/46958/category/1018/display/1/,1
COSRX Acne Pimple Master Patch 24 patches,5.69,2.85,/product/cosrx-acne-pimple-master-patch-24-patches/4322/category/1018/display/1/,1
SKIN1004 Madagascar Centella Hyalu-Cica Water-FIT Sun Serum 50ml SPF50+ PA++++,20.0,11.49,/product/skin1004-madagascar-centella-hyalu-cica-water-fit-sun-serum-50ml-spf50/63673/category/1018/display/1/,1
Anua HEARLEAF PORE CONTROL CLEANSING OIL 200ml,21.8,18.53,/product/anua-hearleaf-pore-control-cleansing-oil-200ml/65381/category/1018/display/1/,1
ROUND LAB Birch Juice Moisturizing Sunscreen SPF 50+ PA++++ 50ml,28.0,19.6,/product/round-lab-birch-juice-moisturizing-sunscreen-spf-50-pa-50ml/40013/category/1018/display/1/,1
Numbuzin No.1 Clear Filter Sun Essence 50ml,20.0,14.0,/product/numbuzin-no1-clear-filter-sun-essence-50ml/64641/category/1018/display/1/,1
Beauty of Joseon Revive Eye Serum : Ginseng + Retinal 30ml,17.0,13.6,/product/beauty-of-joseon-revive-eye-serum-ginseng-retinal-30ml/56376/category/1018/display/1/,1
SKIN1004 Madagascar Centella Ampoule 100ml,24.0,20.4,/product/skin1004-madagascar-centella-ampoule-100ml/40060/category/1018/display/1/,1
SKIN1004 Madagascar Centella Light Cleansing Oil 200ml,23.0,19.55,/product/skin1004-madagascar-centella-light-cleansing-oil-200ml/28746/category/1018/display/1/,1
COSRX ALOE SOOTHING SUN CREAM SPF50 PA+++ 50ml,16.25,9.69,/product/cosrx-aloe-soothing-sun-cream-spf50-pa-50ml/3400/category/1018/display/1/,1
numbuzin No.5 Vitamin Concentrated Serum 30ml,28.0,19.6,/product/numbuzin-no5-vitamin-concentrated-serum-30ml/66194/category/1018/display/1/,1
COSRX ADVANCED SNAIL 92 ALL IN ONE CREAM 100ml,20.58,13.99,/product/cosrx-advanced-snail-92-all-in-one-cream-100ml/3395/category/1018/display/1/,1
AXIS-Y Dark Spot Correcting Glow Serum 50ml,23.0,10.29,/product/axis-y-dark-spot-correcting-glow-serum-50ml/41109/category/1018/display/1/,1
A'PIEU Honey & Milk Lip Oil 5g,11.0,9.9,/product/apieu-honey-milk-lip-oil-5g/13087/category/1018/display/1/,1
APLB Glutathione Niacinamide Sheet Mask 25ml,2.2,1.32,/product/aplb-glutathione-niacinamide-sheet-mask-25ml/69994/category/1018/display/1/,1
numbuzin No.5 Vitamin-Niacinamide Concentrated Pad 180ml (70 Pads),28.0,19.6,/product/numbuzin-no5-vitamin-niacinamide-concentrated-pad-180ml-70-pads/66627/category/1018/display/1/,1
KAHI Seoul Wrinkle Bounce Multi Balm 9g,42.0,35.7,/product/kahi-seoul-wrinkle-bounce-multi-balm-9g/49108/category/1018/display/1/,1
COSRX Low pH Good Morning Gel Cleanser 150ml,15.4,8.99,/product/cosrx-low-ph-good-morning-gel-cleanser-150ml/59065/category/1018/display/1/,1
ETUDE My Lash Serum 9g,8.0,6.8,/product/etude-my-lash-serum-9g/221/category/1018/display/1/,1
SKIN1004 Madagascar Centella Probio-Cica Bakuchiol Eye Cream 20ml,21.0,17.85,/product/skin1004-madagascar-centella-probio-cica-bakuchiol-eye-cream-20ml/68510/category/1018/display/1/,1
Anua Heartleaf 77% Soothing Toner 250ml,28.0,23.8,/product/anua-heartleaf-77-soothing-toner-250ml/54621/category/1018/display/1/,1
NACIFIC Phyto Niacin Whitening Kit,42.0,7.99,/product/nacific-phyto-niacin-whitening-kit/27928/category/1018/display/1/,1
celimax Derma Nature Fresh Blackhead Jojoba Cleansing Oil 150ml,16.0,13.6,/product/celimax-derma-nature-fresh-blackhead-jojoba-cleansing-oil-150ml/20098/category/1018/display/1/,1
ROUND LAB 1025 Dokdo Cleanser 150ml,15.0,12.75,/product/round-lab-1025-dokdo-cleanser-150ml/18907/category/1018/display/1/,1
ILLIYOON Ceramide Ato Concentrate Cream 200ml,22.91,19.47,/product/illiyoon-ceramide-ato-concentrate-cream-200ml/13729/category/1018/display/1/,1
COSRX Acne Pimple Master Patch 24 patches * 10 sheets,33.13,19.99,/product/cosrx-acne-pimple-master-patch-24-patches-10-sheets/7765/category/1018/display/1/,1
B_LAB Matcha Hydrating Foam Cleanser 120ml,19.0,9.5,/product/blab-matcha-hydrating-foam-cleanser-120ml/33721/category/1018/display/1/,1
SKIN1004 Madagascar Centella Hyalu-Cica Silky-Fit Sun Stick 20g,19.0,11.49,/product/skin1004-madagascar-centella-hyalu-cica-silky-fit-sun-stick-20g/69430/category/1018/display/1/,1
SKIN1004 Madagascar Centella Ampoule 55ml,15.0,12.75,/product/skin1004-madagascar-centella-ampoule-55ml/37922/category/1018/display/1/,1
Dr.Althea 345 Relief Cream 50ml,29.0,24.65,/product/dralthea-345-relief-cream-50ml/73364/category/1018/display/1/,1
Mary&May Vegan Peptide Bakuchiol Sun Stick SPF50+ PA++++ 18g,30.0,12.99,/product/marymay-vegan-peptide-bakuchiol-sun-stick-spf50-pa-18g/63006/category/1018/display/1/,1
Beauty of Joseon Glow Serum 30ml,22.73,18.18,/product/beauty-of-joseon-glow-serum-30ml/29322/category/1018/display/1/,1
Purito SEOUL Wonder Releaf Centella Serum Unscented 60ml,23.52,19.99,/product/purito-seoul-wonder-releaf-centella-serum-unscented-60ml/45192/category/1018/display/1/,1
SKIN1004 Madagascar Centella Soothing Cream 75ml,21.0,17.85,/product/skin1004-madagascar-centella-soothing-cream-75ml/28761/category/1018/display/1/,1
SKIN1004 Madagascar Centella Ampoule Foam 125ml,18.0,15.3,/product/skin1004-madagascar-centella-ampoule-foam-125ml/28745/category/1018/display/1/,1
mixsoon Soybean Milk Pad 3pads/one pouch,2.0,1.8,/product/mixsoon-soybean-milk-pad-3padsone-pouch/72908/category/1018/display/1/,1
SKIN1004 Madagascar Centella Poremizing Fresh Ampoule 100ml,25.0,21.25,/product/skin1004-madagascar-centella-poremizing-fresh-ampoule-100ml/52796/category/1018/display/1/,1
Beauty of Joseon Glow Deep Serum (Rice + Arbutin) 30ml,17.0,13.6,/product/beauty-of-joseon-glow-deep-serum-rice-arbutin-30ml/43408/category/1018/display/1/,1
COSRX HYALURONIC ACID INTENSIVE CREAM 100ml,20.75,13.99,/product/cosrx-hyaluronic-acid-intensive-cream-100ml/3393/category/1018/display/1/,1
SKIN1004 Madagascar Centella Probio-Cica Essense Toner 210ml,24.0,20.4,/product/skin1004-madagascar-centella-probio-cica-essense-toner-210ml/68504/category/1018/display/1/,1
