Product,Price
Product Name : Beauty of joseon Relief Sun Rice Probiotics 50ml,Price
Product Name : COSRX Acne Pimple Master Patch 24 patches,Price
Product Name : Anua HEARLEAF PORE CONTROL CLEANSING OIL 200ml,Price
Product Name : SKIN1004 Madagascar Centella Hyalu-Cica Water-FIT Sun Serum 50ml SPF50+ PA++++,Price
Product Name : A'PIEU Honey & Milk Lip Oil 5g,Price
Product Name : COSRX Advanced Snail 96 Mucin Power Essence 100ml,Price
Product Name : numbuzin No.5 Vitamin Concentrated Serum 30ml,Price
Product Name : COSRX Low pH Good Morning Gel Cleanser 150ml,Price
Product Name : APLB Glutathione Niacinamide Sheet Mask 25ml,Price
Product Name : SKIN1004 Madagascar Centella Ampoule 100ml,Price
Product Name : ROUND LAB Birch Juice Moisturizing Sunscreen SPF 50+ PA++++ 50ml,Price
Product Name : AXIS-Y Dark Spot Correcting Glow Serum 50ml,Price
Product Name : numbuzin No.5 Vitamin-Niacinamide Concentrated Pad 180ml (70 Pads),Price
Product Name : Numbuzin No.1 Clear Filter Sun Essence 50ml,Price
Product Name : SKIN1004 Madagascar Centella Hyalu-Cica Silky-Fit Sun Stick 20g,Price
Product Name : Beauty of Joseon Revive Eye Serum : Ginseng + Retinal 30ml,Price
Product Name : COSRX ADVANCED SNAIL 92 ALL IN ONE CREAM 100ml,Price
Product Name : SKIN1004 Madagascar Centella Ampoule 55ml,Price
Product Name : KAHI Seoul Wrinkle Bounce Multi Balm 9g,Price
Product Name : innisfree No Sebum Mineral Powder 5g (23AD),Price
Product Name : B_LAB Matcha Hydrating Foam Cleanser 120ml,Price
Product Name : COSRX Full Fit Propolis Synergy Toner 150ml,Price
Product Name : MISSHA 4D Mascara 7g,Price
Product Name : Anua Heartleaf 77% Soothing Toner 250ml,Price
Product Name : Beauty of Joseon Glow Deep Serum (Rice + Arbutin) 30ml,Price
Product Name : ILLIYOON Ceramide Ato Concentrate Cream 200ml,Price
Product Name : COSRX ALOE SOOTHING SUN CREAM SPF50 PA+++ 50ml,Price
Product Name : ETUDE Drawing Eye Brow 0.25g,Price
Product Name : SKIN1004 Madagascar Centella Soothing Cream 75ml,Price
Product Name : ROUND LAB 1025 Dokdo Cleanser 150ml,Price
Product Name : MISSHA M Perfect Cover BB Cream 50ml,Price
Product Name : ETUDE My Lash Serum 9g,Price
Product Name : ETUDE Dear Darling Water Gel Tint NEW 5g,Price
Product Name : Elizavecca CER-100 Collagen Coating Hair Protein Treatment 100ml,Price
Product Name : COSRX Salicylic Acid Daily Gentle Cleanser 150ml,Price
Product Name : ETUDE Fixing Tint 4g,Price
Product Name : ETUDE SoonJung 2x Barrier Intensive Cream 60ml,Price
Product Name : Abib Collagen Eye Patch Jericho Rose Jelly 90g (60pcs),Price
Product Name : MISSHA All-around Safe Block Aqua Sun SPF50+ PA++++ 50ml (22AD),Price
Product Name : Unleashia Non-Sticky Dazzle Tint 4g,Price
