Product,Old Price,New Price
Beauty of joseon Relief Sun Rice Probiotics 50ml,18.0,14.4
SKIN1004 Madagascar Centella Hyalu-Cica Water-FIT Sun Serum 50ml SPF50+ PA++++,20.0,10.99
COSRX ADVANCED SNAIL 92 ALL IN ONE CREAM 100ml,20.58,13.99
SKIN1004 Madagascar Centella Hyalu-Cica Silky-Fit Sun Stick 20g,19.0,11.49
ROUND LAB Birch Juice Moisturizing Sunscreen SPF 50+ PA++++ 50ml,28.0,19.6
AXIS-Y Dark Spot Correcting Glow Serum 50ml,23.0,10.29
Numbuzin No.1 Clear Filter Sun Essence 50ml,20.0,14.0
COSRX Advanced Snail 96 Mucin Power Essence 100ml,18.75,12.09
numbuzin No.5 Vitamin-Niacinamide Concentrated Pad 180ml (70 Pads),28.0,19.6
Anua HEARLEAF PORE CONTROL CLEANSING OIL 200ml,21.8,18.53
COSRX Salicylic Acid Daily Gentle Cleanser 150ml,13.66,8.99
COSRX Low pH Good Morning Gel Cleanser 150ml,15.4,8.99
B_LAB Matcha Hydrating Foam Cleanser 120ml,19.0,9.5
COSRX ALOE SOOTHING SUN CREAM SPF50 PA+++ 50ml,16.25,9.69
COSRX Acne Pimple Master Patch 24 patches,5.69,2.85
numbuzin No.5 Vitamin Concentrated Serum 30ml,28.0,19.6
Beauty of Joseon Revive Eye Serum : Ginseng + Retinal 30ml,17.0,13.6
SKIN1004 Madagascar Centella Soothing Cream 75ml,21.0,17.85
ETUDE Dear Darling Water Gel Tint NEW 5g,8.0,6.8
MISSHA M Perfect Cover BB Cream 50ml,16.16,13.74
APLB Glutathione Niacinamide Sheet Mask 25ml,2.2,1.32
SKIN1004 Madagascar Centella Ampoule 55ml,15.0,12.75
COSRX Full Fit Propolis Synergy Toner 150ml,28.0,14.0
ROUND LAB 1025 Dokdo Cleanser 150ml,15.0,12.75
Anua Heartleaf 77% Soothing Toner 250ml,28.0,23.8
Beauty of Joseon Glow Deep Serum (Rice + Arbutin) 30ml,17.0,13.6
ETUDE Fixing Tint 4g,13.5,11.47
ETUDE SoonJung 2x Barrier Intensive Cream 60ml,20.0,17.0
innisfree No Sebum Mineral Powder 5g (23AD),9.0,7.65
MISSHA All-around Safe Block Aqua Sun SPF50+ PA++++ 50ml (22AD),17.0,9.49
SKIN1004 Madagascar Centella Ampoule 100ml,24.0,20.4
A'PIEU Honey & Milk Lip Oil 5g,11.0,9.9
Abib Collagen Eye Patch Jericho Rose Jelly 90g (60pcs),23.0,16.1
Unleashia Non-Sticky Dazzle Tint 4g,17.0,9.35
ETUDE Drawing Eye Brow 0.25g,6.5,5.52
MISSHA 4D Mascara 7g,8.0,6.8
ILLIYOON Ceramide Ato Concentrate Cream 200ml,22.91,19.47
Elizavecca CER-100 Collagen Coating Hair Protein Treatment 100ml,15.0,12.75
ETUDE My Lash Serum 9g,8.0,6.8
KAHI Seoul Wrinkle Bounce Multi Balm 9g,42.0,35.7
